,Diabetes_Percentage_2008,Diabetes_Percentage_2013,Obesity_Percentage_2012,Recreation_Facilities_2011,Recreation_Facilities_2016,Recreation_Facilities_per_1000_2011,Recreation_Facilities_per_1000_2016,Recreation_Facilities_Percent_Change_2011_16,Recreation_Facilities_Per_1000_Pop_Percent_Change_2011_16,Obesity_Percentage_2017
count,3143.0,3143.0,3143.0,3143.0,3143.0,3143.0,3143.0,3143.0,3143.0,3143.0
mean,2.079857832959886e-16,-2.3511436372590014e-16,-3.798001260187618e-16,2.4867865394085594e-17,-4.521430071651926e-18,-1.5372862243616549e-16,-3.3910725537389445e-17,4.521430071651926e-18,-4.521430071651926e-18,0.3186296531975819
std,1.0001591216495074,1.0001591216495074,1.0001591216495074,1.0001591216495074,1.0001591216495076,1.0001591216495074,1.0001591216495076,1.0001591216495074,1.0001591216495074,0.033292671064865755
min,-3.3609160207982898,-3.193937091055384,-2.8722058297122794,-0.3162084534446905,-0.2922546439866899,-0.9667183583557946,-0.92722681666886,-2.02907035089214,-2.045192730111952,0.226
25%,-0.6870622191149659,-0.6987125656397964,-0.5560651490512506,-0.3162084534446905,-0.2922546439866899,-0.9667183583557946,-0.92722681666886,-0.114155482877413,-0.17877615365500932,0.301
50%,-0.0550604114443622,-0.0547836558551287,0.0481454632951055,-0.248806407383201,-0.2381710155098784,-0.0895946804822014,-0.1096971745991459,-0.0206919876205465,0.0019534008903047,0.324
75%,0.6741724435601806,0.6696363676526224,0.685923331882926,-0.1140023152602221,-0.1300037585562554,0.48485728176763,0.498443619742188,0.0987390625908274,0.10886247790489245,0.3379999999999999
max,4.028643576581077,4.935665394976045,1.8943445565756385,23.74632199050705,25.100008925876303,7.545430915933724,12.971214730141888,12.029578192009014,12.82534300372657,0.381
